date,Tax Effect Of Unusual Items,Tax Rate For Calcs,Normalized EBITDA,Net Income From Continuing Operation Net Minority Interest,Reconciled Depreciation,Reconciled Cost Of Revenue,EBITDA,EBIT,Normalized Income,Net Income From Continuing And Discontinued Operation,Total Expenses,Total Operating Income As Reported,Diluted Average Shares,Basic Average Shares,Diluted EPS,Basic EPS,Diluted NI Availto Com Stockholders,Net Income Common Stockholders,Net Income,Net Income Including Noncontrolling Interests,Net Income Continuous Operations,Tax Provision,Pretax Income,Other Income Expense,Other Non Operating Income Expenses,Operating Income,Operating Expense,Research And Development,Selling General And Administration,Gross Profit,Cost Of Revenue,Total Revenue,Operating Revenue,ticker,industry,sector,market_cap,Total Unusual Items,Total Unusual Items Excluding Goodwill,Net Interest Income,Interest Expense,Interest Income,Special Income Charges,Write Off,Gain On Sale Of Security,Net Non Operating Interest Income Expense,Interest Expense Non Operating,Interest Income Non Operating,Selling And Marketing Expense,General And Administrative Expense,Other Gand A,Average Dilution Earnings,Earnings From Equity Interest,Earnings From Equity Interest Net Of Tax,Other Operating Expenses,Total Other Finance Cost,Rent Expense Supplemental,Otherunder Preferred Stock Dividend,Minority Interests,Restructuring And Mergern Acquisition,Loss Adjustment Expense,Net Policyholder Benefits And Claims,Net Income Discontinuous Operations,Other Special Charges,Salaries And Wages,Depreciation Amortization Depletion Income Statement,Depreciation And Amortization In Income Statement,Preferred Stock Dividends,Insurance And Claims,Occupancy And Equipment,Professional Expense And Contract Services Expense,Other Non Interest Expense,Impairment Of Capital Assets,Gain On Sale Of Business,Gain On Sale Of Ppe,Amortization,Amortization Of Intangibles Income Statement
2026-03-31,0.0,0.175,39324000000.0,29578000000.0,3439000000.0,56403000000.0,39324000000.0,35885000000.0,29578000000.0,29578000000.0,75299000000.0,35885000000.0,14725873000.0,14673278000.0,2.01,2.02,29578000000.0,29578000000.0,29578000000.0,29578000000.0,29578000000.0,6255000000.0,35833000000.0,-52000000.0,-52000000.0,35885000000.0,18896000000.0,11419000000.0,7477000000.0,54781000000.0,56403000000.0,111184000000.0,111184000000.0,AAPL,Consumer Electronics,Technology,4725069053952.0,,,,,,,,,,,,,,,,,,,,,,,,,,,,,,,,,,,,,,,,
2025-12-31,0.0,0.175,54066000000.0,42097000000.0,3214000000.0,74525000000.0,54066000000.0,50852000000.0,42097000000.0,42097000000.0,92904000000.0,50852000000.0,14810356000.0,14748158000.0,2.84,2.85,42097000000.0,42097000000.0,42097000000.0,42097000000.0,42097000000.0,8905000000.0,51002000000.0,150000000.0,150000000.0,50852000000.0,18379000000.0,10887000000.0,7492000000.0,69231000000.0,74525000000.0,143756000000.0,143756000000.0,AAPL,Consumer Electronics,Technology,4725069053952.0,,,,,,,,,,,,,,,,,,,,,,,,,,,,,,,,,,,,,,,,
2025-09-30,0.0,0.162724,35554000000.0,27466000000.0,3127000000.0,54125000000.0,35554000000.0,32427000000.0,27466000000.0,27466000000.0,70039000000.0,32427000000.0,14863609000.0,14815307000.0,1.85,1.85,27466000000.0,27466000000.0,27466000000.0,27466000000.0,27466000000.0,5338000000.0,32804000000.0,377000000.0,377000000.0,32427000000.0,15914000000.0,8866000000.0,7048000000.0,48341000000.0,54125000000.0,102466000000.0,102466000000.0,AAPL,Consumer Electronics,Technology,4725069053952.0,,,,,,,,,,,,,,,,,,,,,,,,,,,,,,,,,,,,,,,,
2025-06-30,0.0,0.164,31032000000.0,23434000000.0,2830000000.0,50318000000.0,31032000000.0,28202000000.0,23434000000.0,23434000000.0,65834000000.0,28202000000.0,14948179000.0,14902886000.0,1.57,1.57,23434000000.0,23434000000.0,23434000000.0,23434000000.0,23434000000.0,4597000000.0,28031000000.0,-171000000.0,-171000000.0,28202000000.0,15516000000.0,8866000000.0,6650000000.0,43718000000.0,50318000000.0,94036000000.0,94036000000.0,AAPL,Consumer Electronics,Technology,4725069053952.0,,,,,,,,,,,,,,,,,,,,,,,,,,,,,,,,,,,,,,,,
2025-03-31,0.0,0.154555,32250000000.0,24780000000.0,2661000000.0,50492000000.0,32250000000.0,29589000000.0,24780000000.0,24780000000.0,65770000000.0,29589000000.0,15056133000.0,14994082000.0,1.65,1.65,24780000000.0,24780000000.0,24780000000.0,24780000000.0,24780000000.0,4530000000.0,29310000000.0,-279000000.0,-279000000.0,29589000000.0,15278000000.0,8550000000.0,6728000000.0,44867000000.0,50492000000.0,95359000000.0,95359000000.0,AAPL,Consumer Electronics,Technology,4725069053952.0,,,,,,,,,,,,,,,,,,,,,,,,,,,,,,,,,,,,,,,,
2026-03-31,281390000.0,0.19,48804000000.0,31778000000.0,10167000000.0,26828000000.0,50285000000.0,40118000000.0,30578390000.0,31778000000.0,44488000000.0,38398000000.0,7445000000.0,7426000000.0,4.27,4.28,31778000000.0,31778000000.0,31778000000.0,31778000000.0,31778000000.0,7562000000.0,39340000000.0,990000000.0,-491000000.0,38398000000.0,17660000000.0,8915000000.0,8745000000.0,56058000000.0,26828000000.0,82886000000.0,82886000000.0,MSFT,Software - Infrastructure,Technology,2824142323712.0,1481000000.0,1481000000.0,-48000000.0,778000000.0,730000000.0,-37000000.0,37000000.0,1518000000.0,-48000000.0,778000000.0,730000000.0,6814000000.0,1931000000.0,1931000000.0,,,,,,,,,,,,,,,,,,,,,,,,,,
2025-12-31,65200000.0,0.2,57854000000.0,38458000000.0,9198000000.0,25978000000.0,58180000000.0,48982000000.0,38197200000.0,38458000000.0,42998000000.0,38275000000.0,7460000000.0,7431000000.0,5.16,5.18,38458000000.0,38458000000.0,38458000000.0,38458000000.0,38458000000.0,9788000000.0,48246000000.0,9867000000.0,9541000000.0,38275000000.0,17020000000.0,8504000000.0,8516000000.0,55295000000.0,25978000000.0,81273000000.0,81273000000.0,MSFT,Software - Infrastructure,Technology,2824142323712.0,326000000.0,326000000.0,104000000.0,736000000.0,840000000.0,-59000000.0,59000000.0,385000000.0,104000000.0,736000000.0,840000000.0,6584000000.0,1932000000.0,1932000000.0,,,,,,,,,,,,,,,,,,,,,,,,,,
2025-09-30,187150000.0,0.19,47075000000.0,27747000000.0,13061000000.0,24043000000.0,48060000000.0,34999000000.0,26949150000.0,27747000000.0,39712000000.0,37961000000.0,7466000000.0,7433000000.0,3.72,3.73,27747000000.0,27747000000.0,27747000000.0,27747000000.0,27747000000.0,6554000000.0,34301000000.0,-3938000000.0,-4923000000.0,37961000000.0,15669000000.0,8146000000.0,7523000000.0,53630000000.0,24043000000.0,77673000000.0,77673000000.0,MSFT,Software - Infrastructure,Technology,2824142323712.0,985000000.0,985000000.0,278000000.0,698000000.0,976000000.0,-14000000.0,14000000.0,999000000.0,278000000.0,698000000.0,976000000.0,5717000000.0,1806000000.0,1806000000.0,,,,,,,,,,,,,,,,,,,,,,,,,,
2025-06-30,495125.091979,0.165042,44431000000.0,27233000000.0,11203000000.0,24014000000.0,44434000000.0,33231000000.0,27230495125.09198,27233000000.0,42118000000.0,34323000000.0,7461000000.0,7432000000.0,3.65,3.66,27233000000.0,27233000000.0,27233000000.0,27233000000.0,27233000000.0,5383000000.0,32616000000.0,-1861000000.0,-1864000000.0,34323000000.0,18104000000.0,8829000000.0,9275000000.0,52427000000.0,24014000000.0,76441000000.0,76441000000.0,MSFT,Software - Infrastructure,Technology,2824142323712.0,3000000.0,3000000.0,154000000.0,615000000.0,769000000.0,-45000000.0,45000000.0,48000000.0,154000000.0,615000000.0,769000000.0,7285000000.0,1990000000.0,1990000000.0,,,,,,,,,,,,,,,,,,,,,,,,,,
2025-03-31,69660000.0,0.18,39318000000.0,25824000000.0,7734000000.0,21919000000.0,39705000000.0,31971000000.0,25506660000.0,25824000000.0,38066000000.0,32000000000.0,7461000000.0,7434000000.0,3.46,3.47,25824000000.0,25824000000.0,25824000000.0,25824000000.0,25824000000.0,5553000000.0,31377000000.0,-626000000.0,-1013000000.0,32000000000.0,16147000000.0,8198000000.0,7949000000.0,48147000000.0,21919000000.0,70066000000.0,70066000000.0,MSFT,Software - Infrastructure,Technology,2824142323712.0,387000000.0,387000000.0,3000000.0,594000000.0,597000000.0,-24000000.0,24000000.0,411000000.0,3000000.0,594000000.0,597000000.0,6212000000.0,1737000000.0,1737000000.0,,,,,,,,,,,,,,,,,,,,,,,,,,
2026-03-31,7080508189.944711,0.191624,47477000000.0,62578000000.0,6482000000.0,41271000000.0,84427000000.0,77945000000.0,32708508189.94471,62578000000.0,70200000000.0,39696000000.0,12238000000.0,12099000000.0,5.11,5.17,62578000000.0,62578000000.0,62578000000.0,62578000000.0,62578000000.0,14834000000.0,77412000000.0,36868000000.0,-142000000.0,39696000000.0,28929000000.0,17032000000.0,11897000000.0,68625000000.0,41271000000.0,109896000000.0,109896000000.0,GOOGL,Internet Content & Information,Communication Services,3883041554432.0,36950000000.0,36950000000.0,848000000.0,533000000.0,1381000000.0,,,36950000000.0,848000000.0,533000000.0,1381000000.0,7606000000.0,4291000000.0,4291000000.0,0.0,60000000.0,,,,,,,,,,,,,,,,,,,,,,,,
2025-12-31,272805123.092262,0.119181,43166000000.0,34455000000.0,6040000000.0,45767000000.0,45455000000.0,39415000000.0,32438805123.092262,34455000000.0,77895000000.0,35934000000.0,12228000000.0,12073000000.0,2.82,2.85,34455000000.0,34455000000.0,34455000000.0,34455000000.0,34455000000.0,4662000000.0,39117000000.0,2272000000.0,69000000.0,35934000000.0,32128000000.0,18572000000.0,13556000000.0,68062000000.0,45767000000.0,113829000000.0,113829000000.0,GOOGL,Internet Content & Information,Communication Services,3883041554432.0,2289000000.0,2289000000.0,911000000.0,298000000.0,1209000000.0,-86000000.0,86000000.0,2289000000.0,911000000.0,298000000.0,1209000000.0,8215000000.0,5341000000.0,5341000000.0,,-86000000.0,,,,,,,,,,,,,,,,,,,,,,,,
2025-09-30,2196165000.0,0.205,39028000000.0,34979000000.0,5611000000.0,41369000000.0,49741000000.0,44130000000.0,26462165000.0,34979000000.0,71118000000.0,31228000000.0,12203000000.0,12086000000.0,2.87,2.89,34979000000.0,34979000000.0,34979000000.0,34979000000.0,34979000000.0,9008000000.0,43987000000.0,11826000000.0,1143000000.0,31228000000.0,29749000000.0,15151000000.0,14598000000.0,60977000000.0,41369000000.0,102346000000.0,102346000000.0,GOOGL,Internet Content & Information,Communication Services,3883041554432.0,10713000000.0,10713000000.0,933000000.0,143000000.0,1076000000.0,-30000000.0,30000000.0,10713000000.0,933000000.0,143000000.0,1076000000.0,7205000000.0,7393000000.0,7393000000.0,,-30000000.0,,,,,,,,,,,,,,,,,,,,,,,,
2025-06-30,233558000.0,0.169,37810000000.0,28196000000.0,4998000000.0,39039000000.0,39192000000.0,34194000000.0,27047558000.0,28196000000.0,65157000000.0,31271000000.0,12198000000.0,12122000000.0,2.31,2.33,28196000000.0,28196000000.0,28196000000.0,28196000000.0,28196000000.0,5737000000.0,33933000000.0,1873000000.0,72000000.0,31271000000.0,26118000000.0,13808000000.0,12310000000.0,57389000000.0,39039000000.0,96428000000.0,96428000000.0,GOOGL,Internet Content & Information,Communication Services,3883041554432.0,1382000000.0,1382000000.0,789000000.0,261000000.0,1050000000.0,419000000.0,-419000000.0,1382000000.0,789000000.0,261000000.0,1050000000.0,7101000000.0,5209000000.0,5209000000.0,,419000000.0,,,,,,,,,,,,,,,,,,,,,,,,
2025-03-31,1704742000.0,0.173,36456000000.0,34540000000.0,4487000000.0,36361000000.0,46310000000.0,41823000000.0,26390742000.0,34540000000.0,59628000000.0,30606000000.0,12291000000.0,12183000000.0,2.81,2.84,34540000000.0,34540000000.0,34540000000.0,34540000000.0,34540000000.0,7249000000.0,41789000000.0,10216000000.0,384000000.0,30606000000.0,23267000000.0,13556000000.0,9711000000.0,53873000000.0,36361000000.0,90234000000.0,90234000000.0,GOOGL,Internet Content & Information,Communication Services,3883041554432.0,9854000000.0,9854000000.0,967000000.0,34000000.0,1001000000.0,-22000000.0,22000000.0,9854000000.0,967000000.0,34000000.0,1001000000.0,6172000000.0,3539000000.0,3539000000.0,0.0,-22000000.0,,,,,,,,,,,,,,,,,,,,,,,,
2024-12-31,,,,,,,,,,,,,,,,,,,,,,,,,,,,,,,,,,GOOGL,Internet Content & Information,Communication Services,3883041554432.0,,,,,,-87000000.0,87000000.0,,,,,,,,,,,,,,,,,,,,,,,,,,,,,,,,,
2026-03-31,3763137018.627303,0.239996,43899000000.0,30255000000.0,18945000000.0,87463000000.0,59579000000.0,40634000000.0,18338137018.627304,30255000000.0,157667000000.0,23852000000.0,10874000000.0,10743000000.0,2.78,2.82,30255000000.0,30255000000.0,30255000000.0,30255000000.0,30255000000.0,9560000000.0,39834000000.0,15647000000.0,-33000000.0,23852000000.0,70204000000.0,,12901000000.0,94056000000.0,87463000000.0,181519000000.0,181519000000.0,AMZN,Internet Retail,Consumer Cyclical,2508719390720.0,15680000000.0,15680000000.0,335000000.0,800000000.0,1135000000.0,,,15680000000.0,335000000.0,800000000.0,1135000000.0,10314000000.0,2587000000.0,2587000000.0,,,-19000000.0,57303000000.0,,,,,,,,,,,,,,,,,,,,,,
2025-12-31,227547603.833866,0.185905,45531000000.0,21192000000.0,19471000000.0,109959000000.0,46755000000.0,27284000000.0,20195547603.833866,21192000000.0,188409000000.0,24977000000.0,10863000000.0,10709000000.0,1.95,1.98,21192000000.0,21192000000.0,21192000000.0,21192000000.0,21192000000.0,4946000000.0,26605000000.0,1177000000.0,-47000000.0,24977000000.0,78450000000.0,,16968000000.0,103427000000.0,109959000000.0,213386000000.0,213386000000.0,AMZN,Internet Retail,Consumer Cyclical,2508719390720.0,1224000000.0,1224000000.0,451000000.0,679000000.0,1130000000.0,,,1224000000.0,451000000.0,679000000.0,1130000000.0,14264000000.0,2704000000.0,2704000000.0,,,-467000000.0,61482000000.0,,,,,,,,,,,,,,,,,,,,,,
2025-09-30,2500796947.106851,0.245296,35309000000.0,21187000000.0,16796000000.0,88670000000.0,45504000000.0,28708000000.0,13492796947.106852,21187000000.0,162747000000.0,17422000000.0,10845000000.0,10674000000.0,1.95,1.98,21187000000.0,21187000000.0,21187000000.0,21187000000.0,21187000000.0,6910000000.0,28170000000.0,10186000000.0,-9000000.0,17422000000.0,74077000000.0,,14561000000.0,91499000000.0,88670000000.0,180169000000.0,180169000000.0,AMZN,Internet Retail,Consumer Cyclical,2508719390720.0,10195000000.0,10195000000.0,562000000.0,538000000.0,1100000000.0,,,10195000000.0,562000000.0,538000000.0,1100000000.0,11686000000.0,2875000000.0,2875000000.0,,,-73000000.0,59516000000.0,,,,,,,,,,,,,,,,,,,,,,
2025-06-30,143677518.339167,0.128398,35481000000.0,18164000000.0,15227000000.0,80809000000.0,36600000000.0,21373000000.0,17188677518.33917,18164000000.0,148531000000.0,19171000000.0,10806000000.0,10637000000.0,1.68,1.71,18164000000.0,18164000000.0,18164000000.0,18164000000.0,18164000000.0,2678000000.0,20857000000.0,1117000000.0,-2000000.0,19171000000.0,67722000000.0,,14381000000.0,86893000000.0,80809000000.0,167702000000.0,167702000000.0,AMZN,Internet Retail,Consumer Cyclical,2508719390720.0,1119000000.0,1119000000.0,569000000.0,516000000.0,1085000000.0,,,1119000000.0,569000000.0,516000000.0,1085000000.0,11416000000.0,2965000000.0,2965000000.0,,,-15000000.0,53341000000.0,,,,,,,,,,,,,,,,,,,,,,
2025-03-31,584272614.050464,0.210019,33700000000.0,17127000000.0,14262000000.0,76976000000.0,36482000000.0,22220000000.0,14929272614.050465,17127000000.0,137262000000.0,18405000000.0,10793000000.0,10603000000.0,1.59,1.62,17127000000.0,17127000000.0,17127000000.0,17127000000.0,17127000000.0,4553000000.0,21679000000.0,2749000000.0,-33000000.0,18405000000.0,60286000000.0,,12391000000.0,78691000000.0,76976000000.0,155667000000.0,155667000000.0,AMZN,Internet Retail,Consumer Cyclical,2508719390720.0,2782000000.0,2782000000.0,525000000.0,541000000.0,1066000000.0,,,2782000000.0,525000000.0,541000000.0,1066000000.0,9763000000.0,2628000000.0,2628000000.0,,,1000000.0,47895000000.0,,,,,,,,,,,,,,,,,,,,,,
2026-04-30,0.0,0.165687,71002000000.0,58321000000.0,997000000.0,20458000000.0,71002000000.0,70005000000.0,58321000000.0,58321000000.0,28079000000.0,53536000000.0,24391000000.0,24286000000.0,2.39,2.4,58321000000.0,58321000000.0,58321000000.0,58321000000.0,58321000000.0,11582000000.0,69903000000.0,15929000000.0,15929000000.0,53536000000.0,7621000000.0,6321000000.0,1300000000.0,61157000000.0,20458000000.0,81615000000.0,81615000000.0,NVDA,Semiconductors,Technology,5052137209856.0,,,438000000.0,102000000.0,540000000.0,,,,438000000.0,102000000.0,540000000.0,,,,,,,,,,,,,,,,,,,,,,,,,,,,,
2026-01-31,0.0,0.147585,51283000000.0,42960000000.0,812000000.0,17034000000.0,51283000000.0,50471000000.0,42960000000.0,42960000000.0,23828000000.0,44299000000.0,24432000000.0,24304000000.0,1.76,1.77,42960000000.0,42960000000.0,42960000000.0,42960000000.0,42960000000.0,7438000000.0,50398000000.0,5604000000.0,5604000000.0,44299000000.0,6794000000.0,5512000000.0,1282000000.0,51093000000.0,17034000000.0,68127000000.0,68127000000.0,NVDA,Semiconductors,Technology,5052137209856.0,,,495000000.0,73000000.0,568000000.0,,,,495000000.0,73000000.0,568000000.0,,,,,,,,,,,,,,,,,,,,,,,,,,,,,
2025-10-31,0.0,0.158846,38748000000.0,31910000000.0,751000000.0,15157000000.0,38748000000.0,37997000000.0,31910000000.0,31910000000.0,20996000000.0,36010000000.0,24483000000.0,24327000000.0,1.3,1.31,31910000000.0,31910000000.0,31910000000.0,31910000000.0,31910000000.0,6026000000.0,37936000000.0,1363000000.0,1363000000.0,36010000000.0,5839000000.0,4705000000.0,1134000000.0,41849000000.0,15157000000.0,57006000000.0,57006000000.0,NVDA,Semiconductors,Technology,5052137209856.0,,,563000000.0,61000000.0,624000000.0,,,,563000000.0,61000000.0,624000000.0,,,,,,,,,,,,,,,,,,,,,,,,,,,,,
2025-07-31,0.0,0.153304,31937000000.0,26422000000.0,669000000.0,12890000000.0,31937000000.0,31268000000.0,26422000000.0,26422000000.0,18303000000.0,28440000000.0,24532000000.0,24366000000.0,1.08,1.08,26422000000.0,26422000000.0,26422000000.0,26422000000.0,26422000000.0,4784000000.0,31206000000.0,2236000000.0,2236000000.0,28440000000.0,5413000000.0,4291000000.0,1122000000.0,33853000000.0,12890000000.0,46743000000.0,46743000000.0,NVDA,Semiconductors,Technology,5052137209856.0,,,530000000.0,62000000.0,592000000.0,,,,530000000.0,62000000.0,592000000.0,,,,,,,,,,,,,,,,,,,,,,,,,,,,,
2025-04-30,0.0,0.143085,22584000000.0,18775000000.0,611000000.0,17394000000.0,22584000000.0,21973000000.0,18775000000.0,18775000000.0,22424000000.0,21638000000.0,24611000000.0,24441000000.0,0.76,0.77,18775000000.0,18775000000.0,18775000000.0,18775000000.0,18775000000.0,3135000000.0,21910000000.0,-180000000.0,-180000000.0,21638000000.0,5030000000.0,3989000000.0,1041000000.0,26668000000.0,17394000000.0,44062000000.0,44062000000.0,NVDA,Semiconductors,Technology,5052137209856.0,,,452000000.0,63000000.0,515000000.0,,,,452000000.0,63000000.0,515000000.0,,,,,,,,,,,,,,,,,,,,,,,,,,,,,
2026-03-31,-520800000.0,0.4,29615000000.0,26773000000.0,5999000000.0,10218000000.0,28313000000.0,22314000000.0,27554200000.0,26773000000.0,33439000000.0,22872000000.0,2564000000.0,2534000000.0,10.44,10.57,26773000000.0,26773000000.0,26773000000.0,26773000000.0,26773000000.0,-5021000000.0,21752000000.0,-1302000000.0,,22872000000.0,23221000000.0,17699000000.0,5522000000.0,46093000000.0,10218000000.0,56311000000.0,55426000000.0,META,Internet Content & Information,Communication Services,1535999868928.0,-1302000000.0,-1302000000.0,182000000.0,562000000.0,744000000.0,,,-1302000000.0,182000000.0,562000000.0,744000000.0,2908000000.0,2614000000.0,2614000000.0,,,,,,,,,,,,,,,,,,,,,,,,,,
2025-12-31,-12035497.357419,0.101996,31339000000.0,22768000000.0,5411000000.0,10906000000.0,31221000000.0,25810000000.0,22873964502.642582,22768000000.0,35148000000.0,24745000000.0,2565000000.0,2525000000.0,8.88,9.02,22768000000.0,22768000000.0,22768000000.0,22768000000.0,22768000000.0,2586000000.0,25354000000.0,440000000.0,558000000.0,24745000000.0,24242000000.0,17135000000.0,7107000000.0,48987000000.0,10906000000.0,59893000000.0,59093000000.0,META,Internet Content & Information,Communication Services,1535999868928.0,-118000000.0,-118000000.0,169000000.0,456000000.0,625000000.0,,,-118000000.0,169000000.0,456000000.0,625000000.0,3410000000.0,3697000000.0,3697000000.0,,,,,-558000000.0,,,,,,,,,,,,,,,,,,,,,
2025-09-30,8820000.0,0.21,26811000000.0,2709000000.0,4963000000.0,9206000000.0,26853000000.0,21890000000.0,2675820000.0,2709000000.0,30707000000.0,20535000000.0,2572000000.0,2517000000.0,1.05,1.08,2709000000.0,2709000000.0,2709000000.0,2709000000.0,2709000000.0,18954000000.0,21663000000.0,996000000.0,954000000.0,20535000000.0,21501000000.0,15144000000.0,6357000000.0,42036000000.0,9206000000.0,51242000000.0,50552000000.0,META,Internet Content & Information,Communication Services,1535999868928.0,42000000.0,42000000.0,132000000.0,227000000.0,359000000.0,,,42000000.0,132000000.0,227000000.0,359000000.0,2845000000.0,3512000000.0,3512000000.0,,,,,-954000000.0,,,,,,,,,,,,,,,,,,,,,
2025-06-30,21560000.0,0.106993,24921000000.0,18337000000.0,4342000000.0,8491000000.0,25117000000.0,20775000000.0,18162560000.0,18337000000.0,27075000000.0,20441000000.0,2570000000.0,2518000000.0,7.14,7.28,18337000000.0,18337000000.0,18337000000.0,18337000000.0,18337000000.0,2197000000.0,20534000000.0,-147000000.0,-343000000.0,20441000000.0,18584000000.0,12942000000.0,5642000000.0,39025000000.0,8491000000.0,47516000000.0,46933000000.0,META,Internet Content & Information,Communication Services,1535999868928.0,196000000.0,196000000.0,240000000.0,241000000.0,481000000.0,,,196000000.0,240000000.0,241000000.0,481000000.0,2979000000.0,2663000000.0,2663000000.0,,,,,343000000.0,,,,,,,,,,,,,,,,,,,,,
2025-03-31,38670547.274508,0.094549,22113000000.0,16644000000.0,3900000000.0,7572000000.0,22522000000.0,18622000000.0,16273670547.274508,16644000000.0,24759000000.0,17555000000.0,2590000000.0,2527000000.0,6.43,6.59,16644000000.0,16644000000.0,16644000000.0,16644000000.0,16644000000.0,1738000000.0,18382000000.0,409000000.0,177000000.0,17555000000.0,17187000000.0,12150000000.0,5037000000.0,34742000000.0,7572000000.0,42314000000.0,41804000000.0,META,Internet Content & Information,Communication Services,1535999868928.0,409000000.0,409000000.0,418000000.0,240000000.0,658000000.0,,,409000000.0,418000000.0,240000000.0,658000000.0,2757000000.0,2280000000.0,2280000000.0,,,,,-177000000.0,,,,,,,,,,,,,,,,,,,,,
2024-12-31,,,,,,,,,,,,,,,,,,,,,,,,,93000000.0,,,,,,,,,META,Internet Content & Information,Communication Services,1535999868928.0,,,,,,,,,,,,,,,,,,,-93000000.0,,,,,,,,,,,,,,,,,,,,,
2026-03-31,0.0,0.34,2430000000.0,477000000.0,1590000000.0,17667000000.0,2430000000.0,840000000.0,477000000.0,477000000.0,21446000000.0,941000000.0,3538000000.0,3234000000.0,0.13,0.15,477000000.0,477000000.0,477000000.0,491000000.0,491000000.0,257000000.0,748000000.0,-535000000.0,-535000000.0,941000000.0,3779000000.0,1946000000.0,1833000000.0,4720000000.0,17667000000.0,22387000000.0,22387000000.0,TSLA,Auto Manufacturers,Consumer Cyclical,1216596148224.0,0.0,0.0,342000000.0,92000000.0,434000000.0,0.0,,,342000000.0,92000000.0,434000000.0,,,,,,,,,,,-14000000.0,0.0,,,,,,,,,,,,,,,,,
2025-12-31,-44580863.674852,0.275191,3071000000.0,840000000.0,1643000000.0,19892000000.0,2909000000.0,1266000000.0,957419136.325148,840000000.0,23330000000.0,1409000000.0,3539000000.0,3231000000.0,0.24,0.26,840000000.0,840000000.0,840000000.0,856000000.0,856000000.0,325000000.0,1181000000.0,-754000000.0,-592000000.0,1571000000.0,3438000000.0,1783000000.0,1655000000.0,5009000000.0,19892000000.0,24901000000.0,24901000000.0,TSLA,Auto Manufacturers,Consumer Cyclical,1216596148224.0,-162000000.0,-162000000.0,364000000.0,85000000.0,449000000.0,-162000000.0,,,364000000.0,85000000.0,449000000.0,,,,,,,,,,,-16000000.0,162000000.0,,,,,,,,,,,,,,,,,
2025-09-30,-69020000.0,0.29,3898000000.0,1373000000.0,1625000000.0,23041000000.0,3660000000.0,2035000000.0,1541980000.0,1373000000.0,26233000000.0,1624000000.0,3526000000.0,3227000000.0,0.39,0.43,1373000000.0,1373000000.0,1373000000.0,1389000000.0,1389000000.0,570000000.0,1959000000.0,-266000000.0,-28000000.0,1862000000.0,3192000000.0,1630000000.0,1562000000.0,5054000000.0,23041000000.0,28095000000.0,28095000000.0,TSLA,Auto Manufacturers,Consumer Cyclical,1216596148224.0,-238000000.0,-238000000.0,363000000.0,76000000.0,439000000.0,-238000000.0,,,363000000.0,76000000.0,439000000.0,,,,,,,,,,,-16000000.0,238000000.0,,,,,,,,,,,,,,,,,
2025-06-30,0.0,0.23,3068000000.0,1172000000.0,1433000000.0,18618000000.0,3068000000.0,1635000000.0,1172000000.0,1172000000.0,21573000000.0,923000000.0,3519000000.0,3223000000.0,0.33,0.36,1172000000.0,1172000000.0,1172000000.0,1190000000.0,1190000000.0,359000000.0,1549000000.0,320000000.0,320000000.0,923000000.0,2955000000.0,1589000000.0,1366000000.0,3878000000.0,18618000000.0,22496000000.0,22496000000.0,TSLA,Auto Manufacturers,Consumer Cyclical,1216596148224.0,0.0,0.0,306000000.0,86000000.0,392000000.0,0.0,,,306000000.0,86000000.0,392000000.0,,,,,,,,,228000000.0,,-18000000.0,0.0,,,,,,,,,,,,,,,,,
2025-03-31,-27260000.0,0.29,2221000000.0,409000000.0,1447000000.0,16182000000.0,2127000000.0,680000000.0,475740000.0,409000000.0,18842000000.0,399000000.0,3521000000.0,3218000000.0,0.12,0.13,409000000.0,409000000.0,409000000.0,420000000.0,420000000.0,169000000.0,589000000.0,-213000000.0,-119000000.0,493000000.0,2660000000.0,1409000000.0,1251000000.0,3153000000.0,16182000000.0,19335000000.0,19335000000.0,TSLA,Auto Manufacturers,Consumer Cyclical,1216596148224.0,-94000000.0,-94000000.0,309000000.0,91000000.0,400000000.0,-94000000.0,,,309000000.0,91000000.0,400000000.0,,,,,,,,,239000000.0,0.0,-11000000.0,94000000.0,,,,,,,,,,,,,,,,,
2024-12-31,,,,,,,,,,,,,,,,,,,,,,,,,,,,,,,,,,TSLA,Auto Manufacturers,Consumer Cyclical,1216596148224.0,,,,,,,,,,,,,,,,,,,,242000000.0,,,,,,,,,,,,,,,,,,,,
2026-03-31,0.0,0.174,,10106000000.0,3510000000.0,,,13620000000.0,10106000000.0,10106000000.0,79751000000.0,,2157184921.0,2157184921.0,4.684669,4.684669,10106000000.0,10106000000.0,10106000000.0,10179000000.0,10179000000.0,2140000000.0,12319000000.0,14418000000.0,,,,,8583000000.0,,,92070000000.0,92070000000.0,BRK-B,Insurance - Diversified,Financial Services,1054505697280.0,,,-1301000000.0,1301000000.0,5430000000.0,,,,-1301000000.0,1301000000.0,,,8583000000.0,8583000000.0,,,,9096000000.0,,2027000000.0,,-73000000.0,,15223000000.0,15223000000.0,,,,,,,,,,,,,,,
2025-12-31,0.0,0.212177,,19199000000.0,3549000000.0,,,25754000000.0,19199000000.0,19199000000.0,86986000000.0,,,,,,19199000000.0,19199000000.0,19199000000.0,19267000000.0,19267000000.0,5189000000.0,24456000000.0,13734000000.0,,,,,9872000000.0,,,111442000000.0,111442000000.0,BRK-B,Insurance - Diversified,Financial Services,1054505697280.0,,,-1298000000.0,1298000000.0,5930000000.0,,,,-1298000000.0,1298000000.0,,,9872000000.0,9872000000.0,,,,9078000000.0,,2034000000.0,,-68000000.0,,15916000000.0,15916000000.0,,,,,,,,,,,,,,,
2025-09-30,,,,,,,,,,,,,,,,14.27534,,,,,,,,,,,,,,,,,,BRK-B,Insurance - Diversified,Financial Services,1054505697280.0,,,,,,,,,,,,,,,,,,,,,,,,,,,,,,,,,,,,,,,,
2025-06-30,0.0,0.155,,12370000000.0,3329000000.0,,,16003000000.0,12370000000.0,12370000000.0,84129000000.0,,2157333421.0,2157333421.0,5.734003,5.734003,12370000000.0,12370000000.0,12370000000.0,12457000000.0,12457000000.0,2293000000.0,14750000000.0,13345000000.0,,,,,9818000000.0,,,98879000000.0,98879000000.0,BRK-B,Insurance - Diversified,Financial Services,1054505697280.0,,,-1253000000.0,1253000000.0,6002000000.0,,,,-1253000000.0,1253000000.0,,,9818000000.0,9818000000.0,,,,9036000000.0,,1887000000.0,,-87000000.0,,15205000000.0,15205000000.0,,,,,,,,,,,,,,,
2025-03-31,0.0,0.092,,4603000000.0,3265000000.0,,,6405000000.0,4603000000.0,4603000000.0,78142000000.0,,2157333421.0,2157333421.0,2.133334,2.133334,4603000000.0,4603000000.0,4603000000.0,4672000000.0,4672000000.0,476000000.0,5148000000.0,13596000000.0,,,,,9568000000.0,,,83290000000.0,83290000000.0,BRK-B,Insurance - Diversified,Financial Services,1054505697280.0,,,-1257000000.0,1257000000.0,5632000000.0,,,,-1257000000.0,1257000000.0,,,9568000000.0,9568000000.0,,,,8810000000.0,,1887000000.0,,-69000000.0,,15714000000.0,15714000000.0,,,,,,,,,,,,,,,
2024-12-31,0.0,0.177898,,19694000000.0,3283000000.0,,,25465000000.0,19694000000.0,19694000000.0,77443000000.0,,,,,,19694000000.0,19694000000.0,19694000000.0,19751000000.0,19751000000.0,4274000000.0,24025000000.0,-22323000000.0,,,,,10215000000.0,,,101468000000.0,101468000000.0,BRK-B,Insurance - Diversified,Financial Services,1054505697280.0,,,-1440000000.0,1440000000.0,6375000000.0,,,,-1440000000.0,1440000000.0,,8350000000.0,10215000000.0,10215000000.0,,,,-25448000000.0,,1865000000.0,,-57000000.0,,14502000000.0,14502000000.0,,,,,,,,,,,,,,,
2026-06-30,,,,,,,,,,,,,2440100000.0,2407216971.0,2.27,2.29892,,,,,,,,,,,,,,,,,,JNJ,Drug Manufacturers - General,Healthcare,620989775872.0,,,,,,,,,,,,,,,,,,,,,,,,,,,,,,,,,,,,,,,,
2026-03-31,-58988313.856427,0.126043,8734000000.0,5235000000.0,2004000000.0,8106000000.0,8266000000.0,6262000000.0,5644011686.143573,5235000000.0,17667000000.0,,2445200000.0,2408700000.0,2.14,2.17,5235000000.0,5235000000.0,5235000000.0,5235000000.0,5235000000.0,755000000.0,5990000000.0,-362000000.0,106000000.0,6395000000.0,9561000000.0,3527000000.0,6034000000.0,15956000000.0,8106000000.0,24062000000.0,24062000000.0,JNJ,Drug Manufacturers - General,Healthcare,620989775872.0,-468000000.0,-468000000.0,-43000000.0,272000000.0,229000000.0,-468000000.0,36000000.0,,-43000000.0,272000000.0,229000000.0,,,,,,,,,,,,132000000.0,,,,300000000.0,,,,,,,,,,,,,
2025-12-31,-160650000.0,0.21,7956000000.0,5116000000.0,2011000000.0,7968000000.0,7191000000.0,5180000000.0,5720350000.0,5116000000.0,18973000000.0,,2439000000.0,2407939000.0,2.1,2.124639,5116000000.0,5116000000.0,5116000000.0,5116000000.0,5116000000.0,-150000000.0,4966000000.0,-665000000.0,100000000.0,5591000000.0,11005000000.0,4252000000.0,6753000000.0,16596000000.0,7968000000.0,24564000000.0,24564000000.0,JNJ,Drug Manufacturers - General,Healthcare,620989775872.0,-765000000.0,-765000000.0,23000000.0,214000000.0,237000000.0,-865000000.0,,100000000.0,23000000.0,214000000.0,237000000.0,,,,,,,,,,,,-116000000.0,,,,900000000.0,,,,,,,,,,,,,
2025-09-30,74044708.394502,0.312425,9278000000.0,5152000000.0,1777000000.0,7303000000.0,9515000000.0,7738000000.0,4989044708.394502,5152000000.0,16897000000.0,,2428600000.0,2406195000.0,2.12,2.14114,5152000000.0,5152000000.0,5152000000.0,5152000000.0,5152000000.0,2341000000.0,7493000000.0,437000000.0,200000000.0,7096000000.0,9594000000.0,3672000000.0,5922000000.0,16690000000.0,7303000000.0,23993000000.0,23993000000.0,JNJ,Drug Manufacturers - General,Healthcare,620989775872.0,237000000.0,237000000.0,-18000000.0,245000000.0,227000000.0,-163000000.0,,400000000.0,-18000000.0,245000000.0,227000000.0,,5922000000.0,5922000000.0,,,,,,,,,163000000.0,,,,,-100000000.0,,,,,,,,,,,,
2025-06-30,-68195347.404098,0.146973,9206000000.0,5537000000.0,1943000000.0,7628000000.0,8742000000.0,6799000000.0,5932804652.595902,5537000000.0,17033000000.0,,2419100000.0,2406779000.0,2.29,2.300585,5537000000.0,5537000000.0,5537000000.0,5537000000.0,5537000000.0,954000000.0,6491000000.0,-164000000.0,300000000.0,6710000000.0,9405000000.0,3516000000.0,5889000000.0,16115000000.0,7628000000.0,23743000000.0,23743000000.0,JNJ,Drug Manufacturers - General,Healthcare,620989775872.0,-464000000.0,-464000000.0,-48000000.0,308000000.0,260000000.0,-464000000.0,0.0,,-48000000.0,308000000.0,260000000.0,,5889000000.0,5889000000.0,,,,,,,,,164000000.0,,,,300000000.0,-100000000.0,,,,,,,,,,,,
2025-03-31,1329033526.520431,0.193089,8724000000.0,10999000000.0,1772000000.0,7357000000.0,15607000000.0,13835000000.0,5445033526.520431,10999000000.0,15694000000.0,,,,,,10999000000.0,10999000000.0,10999000000.0,10999000000.0,10999000000.0,2632000000.0,13631000000.0,7304000000.0,421000000.0,6199000000.0,8337000000.0,3225000000.0,5112000000.0,14536000000.0,7357000000.0,21893000000.0,21893000000.0,JNJ,Drug Manufacturers - General,Healthcare,620989775872.0,6883000000.0,6883000000.0,128000000.0,204000000.0,332000000.0,6883000000.0,0.0,,128000000.0,204000000.0,332000000.0,,5112000000.0,5112000000.0,,,,,,,,,117000000.0,,,,-7000000000.0,-100000000.0,,,,,,,,,,,,
2024-12-31,,,,,,,,,,,,,,,,,,,,,,,,,,,,,,,,,,JNJ,Drug Manufacturers - General,Healthcare,620989775872.0,,,,,,,,100000000.0,,,,,6453000000.0,6453000000.0,,,,,,,,,,,,0.0,0.0,-200000000.0,,,,,,,,,,,,
2026-03-31,-33911764.705882,0.160719,7896000000.0,6021000000.0,333000000.0,2101000000.0,7685000000.0,7352000000.0,6198088235.294118,6021000000.0,3667000000.0,7234000000.0,2141042000.0,1899042000.0,3.14,3.15,,5972000000.0,6021000000.0,6021000000.0,6021000000.0,1153000000.0,7174000000.0,-211000000.0,,7563000000.0,1566000000.0,,1233000000.0,9129000000.0,2101000000.0,11230000000.0,14155000000.0,V,Credit Services,Financial Services,,-211000000.0,-211000000.0,-178000000.0,178000000.0,,-329000000.0,,118000000.0,-178000000.0,178000000.0,,545000000.0,688000000.0,688000000.0,,,,,,,49000000.0,,,,,,329000000.0,,333000000.0,333000000.0,,,,,,,,,,
2025-12-31,-68250000.0,0.13,7771000000.0,5853000000.0,326000000.0,1997000000.0,7246000000.0,6920000000.0,6309750000.0,5853000000.0,3456000000.0,6737000000.0,2159451000.0,1913451000.0,3.03,3.03,,5803000000.0,5853000000.0,5853000000.0,5853000000.0,873000000.0,6726000000.0,-525000000.0,,7445000000.0,1459000000.0,,1133000000.0,8904000000.0,1997000000.0,10901000000.0,13956000000.0,V,Credit Services,Financial Services,,-525000000.0,-525000000.0,-194000000.0,194000000.0,,-708000000.0,,183000000.0,-194000000.0,194000000.0,,410000000.0,723000000.0,723000000.0,,,,,,,50000000.0,,,,,,708000000.0,,326000000.0,326000000.0,,,,,,,,,,
2025-09-30,-112517113.932187,0.182067,7367000000.0,5090000000.0,316000000.0,1981000000.0,6749000000.0,6433000000.0,5595482886.067813,5090000000.0,3673000000.0,6148000000.0,2173000000.0,1924000000.0,2.62,2.62,,5041000000.0,5090000000.0,5090000000.0,5090000000.0,1133000000.0,6223000000.0,-618000000.0,,7051000000.0,1692000000.0,,1376000000.0,8743000000.0,1981000000.0,10724000000.0,13796000000.0,V,Credit Services,Financial Services,,-618000000.0,-618000000.0,-210000000.0,210000000.0,,-903000000.0,,285000000.0,-210000000.0,210000000.0,,576000000.0,800000000.0,800000000.0,,,,,,,49000000.0,,,,,,903000000.0,,316000000.0,316000000.0,,,,,,,,,,
2025-06-30,-70364756.039792,0.167535,7109000000.0,5272000000.0,317000000.0,1973000000.0,6689000000.0,6372000000.0,5621635243.960208,5272000000.0,3380000000.0,6177000000.0,2187000000.0,1937000000.0,2.69,2.69,,5219000000.0,5272000000.0,5272000000.0,5272000000.0,1061000000.0,6333000000.0,-420000000.0,,6792000000.0,1407000000.0,,1090000000.0,8199000000.0,1973000000.0,10172000000.0,13116000000.0,V,Credit Services,Financial Services,,-420000000.0,-420000000.0,-39000000.0,39000000.0,,-615000000.0,,195000000.0,-39000000.0,39000000.0,,421000000.0,669000000.0,669000000.0,,,,,,,53000000.0,,,,,,615000000.0,,317000000.0,317000000.0,,,,,,,,,,
2025-03-31,-132839095.255609,0.15833,6740000000.0,4577000000.0,305000000.0,1881000000.0,5901000000.0,5596000000.0,5283160904.744391,4577000000.0,3159000000.0,5435000000.0,2202000000.0,1949000000.0,2.32,2.32,,4530000000.0,4577000000.0,4577000000.0,4577000000.0,861000000.0,5438000000.0,-839000000.0,,6435000000.0,1278000000.0,,973000000.0,7713000000.0,1881000000.0,9594000000.0,12391000000.0,V,Credit Services,Financial Services,,-839000000.0,-839000000.0,-158000000.0,158000000.0,,-1000000000.0,,161000000.0,-158000000.0,158000000.0,,381000000.0,592000000.0,592000000.0,,,,,,,47000000.0,,,,,,1000000000.0,,305000000.0,305000000.0,,,,,,,,,,
2026-06-30,,,,,,,,,,,,,2694200000.0,2689900000.0,7.7,7.71,,,,,,,,,,,,,,,,,,JPM,Banks - Diversified,Financial Services,927073894400.0,,,,,,,,,,,,,,,,,,,,,,,,,,,,,,,,,,,,,,,,
2026-03-31,-43393476.243957,0.19459,,16494000000.0,2364000000.0,,,,16673606523.756042,16494000000.0,,,2720200000.0,2716200000.0,5.94,5.95,16148000000.0,16148000000.0,16494000000.0,16494000000.0,16494000000.0,3985000000.0,20479000000.0,,,,,,17275000000.0,,,49833000000.0,49833000000.0,JPM,Banks - Diversified,Financial Services,927073894400.0,-223000000.0,-223000000.0,25366000000.0,23825000000.0,49191000000.0,-223000000.0,,61000000.0,,,,1604000000.0,15671000000.0,,,,,,,,70000000.0,,,,,,223000000.0,15339000000.0,,,276000000.0,332000000.0,4468000000.0,3483000000.0,1401000000.0,,,,,
2025-12-31,169400058.275058,0.240967,,13025000000.0,2312000000.0,,,,12491400058.275059,13025000000.0,,,2740500000.0,2735300000.0,4.63,4.64,12690000000.0,12690000000.0,13025000000.0,13025000000.0,13025000000.0,4135000000.0,17160000000.0,,,,,,14586000000.0,,,45796000000.0,45796000000.0,JPM,Banks - Diversified,Financial Services,927073894400.0,703000000.0,703000000.0,24995000000.0,23813000000.0,48808000000.0,703000000.0,,-73000000.0,,,,1468000000.0,13118000000.0,,,,,,,,55000000.0,,0.0,,,,-703000000.0,13118000000.0,,,280000000.0,,4383000000.0,3338000000.0,2379000000.0,,,,,
2025-09-30,-14389372.032225,0.232087,,14393000000.0,2269000000.0,,,,14440610627.967775,14393000000.0,,,2767600000.0,2762400000.0,5.07,5.08,14043000000.0,14043000000.0,14393000000.0,14393000000.0,14393000000.0,4350000000.0,18743000000.0,,,,,,15046000000.0,,,46430000000.0,46430000000.0,JPM,Banks - Diversified,Financial Services,927073894400.0,-62000000.0,-62000000.0,23966000000.0,25473000000.0,49439000000.0,-62000000.0,,108000000.0,,,,1480000000.0,13566000000.0,,,,,,,,68000000.0,,0.0,,,,62000000.0,13566000000.0,,,282000000.0,,4259000000.0,3173000000.0,1741000000.0,,,,,
2025-06-30,-14065084.226646,0.180322,,14987000000.0,2210000000.0,,,,15050934915.773354,14987000000.0,,,2793700000.0,2788700000.0,5.24,5.25,14630000000.0,14630000000.0,14987000000.0,14987000000.0,14987000000.0,3297000000.0,18284000000.0,,,,,,14989000000.0,,,44882000000.0,44882000000.0,JPM,Banks - Diversified,Financial Services,927073894400.0,-78000000.0,-78000000.0,23209000000.0,25032000000.0,48241000000.0,-78000000.0,,-44000000.0,,,,1279000000.0,13710000000.0,,,,,,,,75000000.0,,,,,,78000000.0,13710000000.0,,,282000000.0,,3968000000.0,3006000000.0,1698000000.0,,,,,
2025-03-31,-90811603.650587,0.204531,,14643000000.0,2030000000.0,,,,14996188396.349413,14643000000.0,,,,,,,14317000000.0,14317000000.0,14643000000.0,14643000000.0,14643000000.0,3765000000.0,18408000000.0,,,,,,15731000000.0,,,45327000000.0,45327000000.0,JPM,Banks - Diversified,Financial Services,927073894400.0,-444000000.0,-444000000.0,23273000000.0,23580000000.0,46853000000.0,-444000000.0,,-20000000.0,,,,1304000000.0,14427000000.0,,,,,,,,71000000.0,,,,,,444000000.0,14093000000.0,,,255000000.0,334000000.0,3880000000.0,2839000000.0,703000000.0,,,,,
2024-12-31,,,,,,,,,,,,,,,,,,,,,,,,,,,,,,,,,,JPM,Banks - Diversified,Financial Services,927073894400.0,,,,,,,,,,,,,,,,,,,,,,,162000000.0,,,,,,,,,,,,,,,,,
2026-04-30,0.0,0.231953,11668000000.0,5330000000.0,3821000000.0,133058000000.0,11668000000.0,7847000000.0,5330000000.0,5330000000.0,170258000000.0,7493000000.0,7999000000.0,7969000000.0,0.67,0.67,5330000000.0,5330000000.0,5330000000.0,5490000000.0,5490000000.0,1658000000.0,7148000000.0,275000000.0,275000000.0,7493000000.0,37200000000.0,,,44693000000.0,133058000000.0,177751000000.0,177751000000.0,WMT,Discount Stores,Consumer Defensive,857562611712.0,,,-620000000.0,699000000.0,79000000.0,,,,-620000000.0,699000000.0,79000000.0,,,,,,,37200000000.0,,,,-160000000.0,,,,,,,,,,,,,,,,,,
2026-01-31,0.0,0.264322,10420000000.0,4237000000.0,3741000000.0,143615000000.0,10420000000.0,6679000000.0,4237000000.0,4237000000.0,181948000000.0,8708000000.0,8009000000.0,7971000000.0,0.53,0.53,4237000000.0,4237000000.0,4237000000.0,4392000000.0,4392000000.0,1578000000.0,5970000000.0,-2117000000.0,-2117000000.0,8708000000.0,38333000000.0,,,47041000000.0,143615000000.0,190656000000.0,190656000000.0,WMT,Discount Stores,Consumer Defensive,857562611712.0,,,-621000000.0,709000000.0,88000000.0,,,,-621000000.0,709000000.0,88000000.0,,,,,,,38333000000.0,,,,-155000000.0,,,,,,,,,,,,,,,,,,
2025-10-31,0.0,0.256291,12476000000.0,6143000000.0,3606000000.0,134706000000.0,12476000000.0,8870000000.0,6143000000.0,6143000000.0,172800000000.0,6696000000.0,8011000000.0,7974000000.0,0.77,0.77,6143000000.0,6143000000.0,6143000000.0,6088000000.0,6088000000.0,2098000000.0,8186000000.0,2081000000.0,2081000000.0,6696000000.0,38094000000.0,,,44790000000.0,134706000000.0,179496000000.0,179496000000.0,WMT,Discount Stores,Consumer Defensive,857562611712.0,,,-591000000.0,684000000.0,93000000.0,,,,-591000000.0,684000000.0,93000000.0,,,,,,,38094000000.0,,,,55000000.0,,,,,,,,,,,,,,,,,,
2025-07-31,0.0,0.232643,13575000000.0,7026000000.0,3487000000.0,132771000000.0,13575000000.0,10088000000.0,7026000000.0,7026000000.0,170116000000.0,7286000000.0,8016000000.0,7978000000.0,0.88,0.88,7026000000.0,7026000000.0,7026000000.0,7151000000.0,7151000000.0,2168000000.0,9319000000.0,2708000000.0,2708000000.0,7286000000.0,37345000000.0,,,44631000000.0,132771000000.0,177402000000.0,177402000000.0,WMT,Discount Stores,Consumer Defensive,857562611712.0,,,-675000000.0,769000000.0,94000000.0,,,,-675000000.0,769000000.0,94000000.0,,,,,,,37345000000.0,,,,-125000000.0,,,,,,,,,,,,,,,,,,
2025-04-30,0.0,0.226059,10000000000.0,4487000000.0,3369000000.0,124303000000.0,10000000000.0,6631000000.0,4487000000.0,4487000000.0,158474000000.0,7135000000.0,8051000000.0,8011000000.0,0.56,0.56,4487000000.0,4487000000.0,4487000000.0,4639000000.0,4639000000.0,1355000000.0,5994000000.0,-597000000.0,-597000000.0,7135000000.0,34171000000.0,,,41306000000.0,124303000000.0,165609000000.0,165609000000.0,WMT,Discount Stores,Consumer Defensive,857562611712.0,,,-544000000.0,637000000.0,93000000.0,,,,-544000000.0,637000000.0,93000000.0,,,,,,,34171000000.0,,,,-152000000.0,,,,,,,,,,,,,,,,,,
2025-01-31,,,,,,,,,,,,,,,,,,,,,,,,,,,,,36523000000.0,,,,,WMT,Discount Stores,Consumer Defensive,857562611712.0,,,,,,,,,,,,,,,,,,,,,,,,,,,,,,,,,,,,,,,,
2024-10-31,,,,,,,,,,,,,,,,,,,,,,,,,,,,,35540000000.0,,,,,WMT,Discount Stores,Consumer Defensive,857562611712.0,,,,,,,,,,,,,,,,,,,,,,,,,,,,,,,,,,,,,,,,
2026-03-31,0.0,0.208,5997000000.0,3932000000.0,785000000.0,10722000000.0,5997000000.0,5212000000.0,3932000000.0,3932000000.0,16658000000.0,4576000000.0,2416500000.0,2368674699.0,1.63,1.66,3860000000.0,3860000000.0,3932000000.0,3951000000.0,3950000000.0,1039000000.0,4989000000.0,537000000.0,537000000.0,4577000000.0,5936000000.0,,5936000000.0,10513000000.0,10722000000.0,21235000000.0,21235000000.0,PG,Household & Personal Products,Consumer Defensive,342199271424.0,,,-123000000.0,223000000.0,100000000.0,,,,-123000000.0,223000000.0,100000000.0,,,,,,,,,,,-18000000.0,,,,,,,,,72000000.0,,,,,,,,,
2025-12-31,0.0,0.201,6443000000.0,4319000000.0,802000000.0,10834000000.0,6443000000.0,5641000000.0,4319000000.0,4319000000.0,16842000000.0,5366000000.0,2424000000.0,2373076923.0,1.78,1.82,4247000000.0,4247000000.0,4319000000.0,4331000000.0,4331000000.0,1090000000.0,5421000000.0,160000000.0,160000000.0,5366000000.0,6008000000.0,,6008000000.0,11374000000.0,10834000000.0,22208000000.0,22208000000.0,PG,Household & Personal Products,Consumer Defensive,342199271424.0,,,-105000000.0,220000000.0,115000000.0,,,,-105000000.0,220000000.0,115000000.0,,,,,,,,,,,-12000000.0,,,,,,,,,73000000.0,,,,,,,,,
2025-09-30,0.0,0.208,6992000000.0,4750000000.0,761000000.0,10887000000.0,6992000000.0,6231000000.0,4750000000.0,4750000000.0,16530000000.0,5856000000.0,2436800000.0,2375000000.0,1.95,2.0,4677000000.0,4677000000.0,4750000000.0,4781000000.0,4781000000.0,1253000000.0,6034000000.0,268000000.0,268000000.0,5856000000.0,5643000000.0,,5643000000.0,11499000000.0,10887000000.0,22386000000.0,22386000000.0,PG,Household & Personal Products,Consumer Defensive,342199271424.0,,,-89000000.0,197000000.0,108000000.0,,,,-89000000.0,197000000.0,108000000.0,,,,,,,,,,,-31000000.0,,,,,,,,,73000000.0,,,,,,,,,
2025-06-30,0.0,0.197965,5456000000.0,3615000000.0,723000000.0,10631000000.0,5456000000.0,4733000000.0,3615000000.0,3615000000.0,16535000000.0,4355000000.0,2443800000.0,2394039735.0,1.48,1.51,3830000000.0,3538000000.0,3615000000.0,3626000000.0,3626000000.0,895000000.0,4521000000.0,274000000.0,274000000.0,4354000000.0,5904000000.0,,5904000000.0,10258000000.0,10631000000.0,20889000000.0,20889000000.0,PG,Household & Personal Products,Consumer Defensive,342199271424.0,0.0,0.0,-108000000.0,212000000.0,104000000.0,0.0,,,-108000000.0,212000000.0,104000000.0,,,,,,,,,,,-11000000.0,,,,,,,,,76000000.0,,,,,0.0,,,,
2025-03-31,0.0,0.186,5568000000.0,3769000000.0,690000000.0,9694000000.0,5568000000.0,4878000000.0,3769000000.0,3769000000.0,15218000000.0,4558000000.0,2449800000.0,2385443038.0,1.54,1.58,3698000000.0,3698000000.0,3769000000.0,3793000000.0,3793000000.0,868000000.0,4661000000.0,210000000.0,210000000.0,4558000000.0,5524000000.0,,5524000000.0,10082000000.0,9694000000.0,19776000000.0,19776000000.0,PG,Household & Personal Products,Consumer Defensive,342199271424.0,0.0,0.0,-106000000.0,217000000.0,111000000.0,0.0,,,-106000000.0,217000000.0,111000000.0,,,,,,,,,,,-23000000.0,,,,,,,,,71000000.0,,,,,0.0,,,,
2024-12-31,,,,,,,,,,,,,,,,,,,,,,,,,,,,,,,,,,PG,Household & Personal Products,Consumer Defensive,342199271424.0,0.0,0.0,,,,0.0,,,,,,,,,,,,,,,,,,,,,,,,,,,,,,0.0,,,,
2026-03-31,-8310473.815461,0.193267,5339000000.0,3882000000.0,299000000.0,2037000000.0,5296000000.0,4997000000.0,3916689526.184539,3882000000.0,3433000000.0,4907000000.0,893000000.0,891000000.0,4.35,4.35,3882000000.0,3882000000.0,3882000000.0,3882000000.0,3882000000.0,930000000.0,4812000000.0,32000000.0,75000000.0,4965000000.0,1396000000.0,,1097000000.0,6361000000.0,2037000000.0,8398000000.0,8398000000.0,MA,Credit Services,Financial Services,464115695616.0,-43000000.0,-43000000.0,-185000000.0,185000000.0,,0.0,,-43000000.0,-185000000.0,185000000.0,,153000000.0,944000000.0,944000000.0,,,,,,,,,,,,,,,299000000.0,299000000.0,,,,,,,,,,
2025-12-31,-39662018.04758,0.16735,5569000000.0,4060000000.0,297000000.0,1818000000.0,5332000000.0,5035000000.0,4257337981.95242,4060000000.0,3677000000.0,4910000000.0,898000000.0,897000000.0,4.52,4.53,4060000000.0,4060000000.0,4060000000.0,4060000000.0,4060000000.0,816000000.0,4876000000.0,-94000000.0,143000000.0,5129000000.0,1859000000.0,,1562000000.0,6988000000.0,1818000000.0,8806000000.0,8806000000.0,MA,Credit Services,Financial Services,464115695616.0,-237000000.0,-237000000.0,-159000000.0,159000000.0,,-174000000.0,,-63000000.0,-159000000.0,159000000.0,,319000000.0,1243000000.0,1243000000.0,,,,,,,,,,,,,174000000.0,,297000000.0,297000000.0,,,,,,,,,,
2025-09-30,2795000.0,0.215,5462000000.0,3927000000.0,290000000.0,1893000000.0,5475000000.0,5185000000.0,3916795000.0,3927000000.0,3432000000.0,5061000000.0,905000000.0,903000000.0,4.34,4.35,3927000000.0,3927000000.0,3927000000.0,3927000000.0,3927000000.0,1072000000.0,4999000000.0,15000000.0,2000000.0,5170000000.0,1539000000.0,,1249000000.0,6709000000.0,1893000000.0,8602000000.0,8602000000.0,MA,Credit Services,Financial Services,464115695616.0,13000000.0,13000000.0,-186000000.0,186000000.0,,-83000000.0,,96000000.0,-186000000.0,186000000.0,,245000000.0,1004000000.0,1004000000.0,,,,,,,,,,,,,83000000.0,,290000000.0,290000000.0,,,,,,,,,,
2025-06-30,-13093535.958904,0.208,5211000000.0,3701000000.0,281000000.0,1852000000.0,5148000000.0,4867000000.0,3750906464.041096,3701000000.0,3219000000.0,4777000000.0,,908000000.0,,4.08,3701000000.0,3701000000.0,3701000000.0,3701000000.0,3701000000.0,971000000.0,4672000000.0,-47000000.0,16000000.0,4914000000.0,1367000000.0,,1086000000.0,6281000000.0,1852000000.0,8133000000.0,8133000000.0,MA,Credit Services,Financial Services,464115695616.0,-63000000.0,-63000000.0,-195000000.0,195000000.0,,-96000000.0,,33000000.0,-195000000.0,195000000.0,,213000000.0,873000000.0,873000000.0,,,,,,,,,,,,,96000000.0,,281000000.0,281000000.0,,,,,,,,,,
2025-03-31,-17326469.858596,0.186306,4581000000.0,3280000000.0,275000000.0,1688000000.0,4488000000.0,4213000000.0,3355673530.141404,3280000000.0,2949000000.0,4149000000.0,914000000.0,912000000.0,3.59,3.6,3280000000.0,3280000000.0,3280000000.0,3280000000.0,3280000000.0,751000000.0,4031000000.0,-88000000.0,5000000.0,4301000000.0,1261000000.0,,986000000.0,5562000000.0,1688000000.0,7250000000.0,7250000000.0,MA,Credit Services,Financial Services,464115695616.0,-93000000.0,-93000000.0,-182000000.0,182000000.0,,-151000000.0,,58000000.0,-182000000.0,182000000.0,,152000000.0,834000000.0,834000000.0,,,,,,,,,,,,,151000000.0,,275000000.0,275000000.0,,,,,,,,,,
2024-12-31,,,,,,,,,,,,,919000000.0,,3.64,,,,,,,,,,,,,,,,,,,MA,Credit Services,Financial Services,464115695616.0,,,,,,,,,,,,,,,,,,,,,,,,,,,280000000.0,,,,,,,,,,,,,
2026-03-31,-13392000.0,0.186,10019000000.0,6280000000.0,1029000000.0,86312000000.0,9947000000.0,8918000000.0,6338608000.0,6280000000.0,102731000000.0,8990000000.0,910000000.0,907675839.0,6.9,6.91877,6280000000.0,6280000000.0,6280000000.0,6481000000.0,6481000000.0,1482000000.0,7963000000.0,-72000000.0,,8990000000.0,16419000000.0,,,25409000000.0,86312000000.0,111721000000.0,111721000000.0,UNH,Healthcare Plans,Healthcare,384621838336.0,-72000000.0,-72000000.0,-955000000.0,955000000.0,,-72000000.0,,,-955000000.0,955000000.0,,,,,,,,15390000000.0,,,,-201000000.0,,,,,,,1029000000.0,1029000000.0,,,,,,,-72000000.0,,,
2025-12-31,-26460000.0,0.21,1497000000.0,10000000.0,1117000000.0,94721000000.0,1371000000.0,254000000.0,109540000.0,10000000.0,112835000000.0,380000000.0,910000000.0,905838620.0,0.01,0.011039,10000000.0,10000000.0,10000000.0,218000000.0,218000000.0,-938000000.0,-720000000.0,-126000000.0,,380000000.0,18114000000.0,,,18494000000.0,94721000000.0,113215000000.0,113215000000.0,UNH,Healthcare Plans,Healthcare,384621838336.0,-126000000.0,-126000000.0,-974000000.0,974000000.0,,-126000000.0,,,-974000000.0,974000000.0,,,,,,,,16997000000.0,,,,-208000000.0,,,,,,,1117000000.0,1117000000.0,,,,,,,-126000000.0,,,
2025-09-30,-17596000.0,0.212,5414000000.0,2348000000.0,1099000000.0,92524000000.0,5331000000.0,4232000000.0,2413404000.0,2348000000.0,108846000000.0,4315000000.0,908000000.0,905673625.0,2.59,2.592545,2348000000.0,2348000000.0,2348000000.0,2543000000.0,2543000000.0,686000000.0,3229000000.0,-83000000.0,,4315000000.0,16322000000.0,,,20637000000.0,92524000000.0,113161000000.0,113161000000.0,UNH,Healthcare Plans,Healthcare,384621838336.0,-83000000.0,-83000000.0,-1003000000.0,1003000000.0,,-83000000.0,,,-1003000000.0,1003000000.0,,,,,,,,15223000000.0,,,,-195000000.0,,,,,,,1099000000.0,1099000000.0,,,,,,,-83000000.0,,,
2025-06-30,-5125000.0,0.125,6234000000.0,3406000000.0,1084000000.0,91604000000.0,6193000000.0,5109000000.0,3441875000.0,3406000000.0,106466000000.0,5150000000.0,910000000.0,905000000.0,3.74,3.763536,3406000000.0,3406000000.0,3406000000.0,3572000000.0,3572000000.0,510000000.0,4082000000.0,-41000000.0,,5150000000.0,14862000000.0,,,20012000000.0,91604000000.0,111616000000.0,111616000000.0,UNH,Healthcare Plans,Healthcare,384621838336.0,-41000000.0,-41000000.0,-1027000000.0,1027000000.0,,-41000000.0,,,-1027000000.0,1027000000.0,,,,,,,,13778000000.0,,,,-166000000.0,,,,,,,1084000000.0,1084000000.0,,,,,,,-41000000.0,,,
2025-03-31,-3015000.0,0.201,10180000000.0,6292000000.0,1061000000.0,85801000000.0,10165000000.0,9104000000.0,6303985000.0,6292000000.0,100456000000.0,9119000000.0,918000000.0,910000000.0,6.85,6.914286,6292000000.0,6292000000.0,6292000000.0,6474000000.0,6474000000.0,1632000000.0,8106000000.0,-15000000.0,,9119000000.0,14655000000.0,,,23774000000.0,85801000000.0,109575000000.0,109575000000.0,UNH,Healthcare Plans,Healthcare,384621838336.0,-15000000.0,-15000000.0,-998000000.0,998000000.0,,-15000000.0,,,-998000000.0,998000000.0,,,,,,,,13594000000.0,,,,-182000000.0,,,,,,,1061000000.0,1061000000.0,,,,,,,-15000000.0,,,
2026-05-31,4318000.0,0.254,3550000000.0,2192000000.0,597000000.0,61519000000.0,3567000000.0,2970000000.0,2179318000.0,2192000000.0,67712000000.0,2815000000.0,444430000.0,443923000.0,4.93,4.94,2192000000.0,2192000000.0,2192000000.0,2192000000.0,2192000000.0,746000000.0,2938000000.0,17000000.0,,2815000000.0,6193000000.0,,6193000000.0,9008000000.0,61519000000.0,70527000000.0,70527000000.0,COST,Discount Stores,Consumer Defensive,408375230464.0,17000000.0,17000000.0,106000000.0,32000000.0,138000000.0,,,17000000.0,106000000.0,32000000.0,138000000.0,,,,,,,,,,,,,,,,,,,,,,,,,,,,,
2026-02-28,-1008000.0,0.252,3355000000.0,2035000000.0,597000000.0,60719000000.0,3351000000.0,2754000000.0,2037992000.0,2035000000.0,66991000000.0,2606000000.0,444420000.0,443946000.0,4.58,4.58,2035000000.0,2035000000.0,2035000000.0,2035000000.0,2035000000.0,686000000.0,2721000000.0,-4000000.0,,2606000000.0,6272000000.0,,6272000000.0,8878000000.0,60719000000.0,69597000000.0,69597000000.0,COST,Discount Stores,Consumer Defensive,408375230464.0,-4000000.0,-4000000.0,119000000.0,33000000.0,152000000.0,,,-4000000.0,119000000.0,33000000.0,152000000.0,,,,,,,,,,,,,,,,,,,,,,,,,,,,,
2025-11-30,5625000.0,0.225,3190000000.0,2001000000.0,597000000.0,58510000000.0,3215000000.0,2618000000.0,1981625000.0,2001000000.0,64844000000.0,2463000000.0,444515000.0,443961000.0,4.5,4.51,2001000000.0,2001000000.0,2001000000.0,2001000000.0,2001000000.0,582000000.0,2583000000.0,25000000.0,,2463000000.0,6334000000.0,,6334000000.0,8797000000.0,58510000000.0,67307000000.0,67307000000.0,COST,Discount Stores,Consumer Defensive,408375230464.0,25000000.0,25000000.0,95000000.0,35000000.0,130000000.0,,,25000000.0,95000000.0,35000000.0,130000000.0,,,,,,,,,,,,,,,,,,,,,,,,,,,,,
2025-08-31,8974358.974359,0.25641,4295000000.0,2610000000.0,774000000.0,75037000000.0,4330000000.0,3556000000.0,2583974358.974359,2610000000.0,82815000000.0,3341000000.0,444706000.0,444007000.0,5.87,5.88,2610000000.0,2610000000.0,2610000000.0,2610000000.0,2610000000.0,900000000.0,3510000000.0,35000000.0,,3341000000.0,7778000000.0,,7778000000.0,11119000000.0,75037000000.0,86156000000.0,86156000000.0,COST,Discount Stores,Consumer Defensive,408375230464.0,35000000.0,35000000.0,134000000.0,46000000.0,180000000.0,,,35000000.0,134000000.0,46000000.0,180000000.0,,,,,,,,,,,,,,,,,,,,,,,,,,,,,
2025-05-31,-4460852.713178,0.262403,3184000000.0,1903000000.0,552000000.0,54996000000.0,3167000000.0,2615000000.0,1915539147.286822,1903000000.0,60675000000.0,2530000000.0,444762000.0,443958000.0,4.28,4.29,1903000000.0,1903000000.0,1903000000.0,1903000000.0,1903000000.0,677000000.0,2580000000.0,-17000000.0,,2530000000.0,5679000000.0,,5679000000.0,8209000000.0,54996000000.0,63205000000.0,63205000000.0,COST,Discount Stores,Consumer Defensive,408375230464.0,-17000000.0,-17000000.0,67000000.0,35000000.0,95000000.0,,,-17000000.0,67000000.0,35000000.0,95000000.0,,,,,,,,-7000000.0,,,,,,,,,,,,,,,,,,,,,
2025-02-28,,,,,,,,,,,,,,,,,,,,,,,,,,,,,,,,,,COST,Discount Stores,Consumer Defensive,408375230464.0,,,,,,,,,,,,,,,,,,,-10000000.0,,,,,,,,,,,,,,,,,,,,,
2024-11-30,,,,,,,,,,,,,,,,,,,,,,,,,,,,,,,,,,COST,Discount Stores,Consumer Defensive,408375230464.0,,,,,,,,,,,,,,,,,,,-8000000.0,,,,,,,,,,,,,,,,,,,,,
2026-03-31,2937540.66363,0.139883,5229000000.0,3924000000.0,264000000.0,4360000000.0,5250000000.0,4986000000.0,3905937540.66363,3924000000.0,8100000000.0,4359000000.0,4314000000.0,4302000000.0,0.91,0.91,3924000000.0,3924000000.0,3924000000.0,3966000000.0,3966000000.0,645000000.0,4611000000.0,392000000.0,-13000000.0,4372000000.0,3480000000.0,,3472000000.0,7852000000.0,4620000000.0,12472000000.0,12472000000.0,KO,Beverages - Non-Alcoholic,Consumer Defensive,350652334080.0,21000000.0,21000000.0,-153000000.0,375000000.0,222000000.0,-23000000.0,10000000.0,44000000.0,-153000000.0,375000000.0,222000000.0,1377000000.0,2095000000.0,2095000000.0,,384000000.0,,4000000.0,,,,-42000000.0,10000000.0,,,,3000000.0,,4000000.0,4000000.0,,,,,,,,,4000000.0,4000000.0
2025-12-31,-39911546.252532,0.218096,3812000000.0,2271000000.0,236000000.0,4491000000.0,3629000000.0,3393000000.0,2414088453.747468,2271000000.0,8960000000.0,1841000000.0,4313000000.0,4302000000.0,0.53,0.53,2271000000.0,2271000000.0,2271000000.0,2316000000.0,2316000000.0,646000000.0,2962000000.0,298000000.0,6000000.0,2862000000.0,4237000000.0,,4199000000.0,7099000000.0,4723000000.0,11822000000.0,11822000000.0,KO,Beverages - Non-Alcoholic,Consumer Defensive,350652334080.0,-183000000.0,-183000000.0,-198000000.0,431000000.0,233000000.0,-312000000.0,0.0,129000000.0,-198000000.0,431000000.0,233000000.0,1460000000.0,2739000000.0,2460000000.0,,475000000.0,,34000000.0,,,,-45000000.0,-7000000.0,,,,2000000.0,,4000000.0,4000000.0,,,,,,1014000000.0,697000000.0,,4000000.0,4000000.0
2025-09-30,-30480516.375807,0.119531,5097000000.0,3696000000.0,268000000.0,4533000000.0,4842000000.0,4574000000.0,3920519483.624193,3696000000.0,8443000000.0,3982000000.0,4313000000.0,4303000000.0,0.86,0.86,3696000000.0,3696000000.0,3696000000.0,3683000000.0,3683000000.0,500000000.0,4183000000.0,377000000.0,-12000000.0,4012000000.0,3646000000.0,,3618000000.0,7658000000.0,4797000000.0,12455000000.0,12455000000.0,KO,Beverages - Non-Alcoholic,Consumer Defensive,350652334080.0,-255000000.0,-255000000.0,-206000000.0,391000000.0,185000000.0,-431000000.0,,176000000.0,-206000000.0,391000000.0,185000000.0,1523000000.0,2095000000.0,2095000000.0,,644000000.0,,24000000.0,,,,13000000.0,35000000.0,,,,3000000.0,,4000000.0,4000000.0,,,,,,,-393000000.0,,4000000.0,4000000.0
2025-06-30,39131984.98749,0.207048,5331000000.0,3810000000.0,279000000.0,4439000000.0,5520000000.0,5241000000.0,3660131984.98749,3810000000.0,8216000000.0,4280000000.0,4315000000.0,4304000000.0,0.88,0.89,3810000000.0,3810000000.0,3810000000.0,3803000000.0,3803000000.0,993000000.0,4796000000.0,741000000.0,-9000000.0,4319000000.0,3502000000.0,,3470000000.0,7821000000.0,4714000000.0,12535000000.0,12535000000.0,KO,Beverages - Non-Alcoholic,Consumer Defensive,350652334080.0,189000000.0,189000000.0,-257000000.0,445000000.0,188000000.0,-6000000.0,40000000.0,195000000.0,-257000000.0,445000000.0,188000000.0,1328000000.0,2142000000.0,2142000000.0,,561000000.0,,28000000.0,,,,7000000.0,-95000000.0,,,,2000000.0,,4000000.0,4000000.0,,,,,,31000000.0,,-28000000.0,4000000.0,4000000.0
2025-03-31,41109686.960808,0.177964,4480000000.0,3330000000.0,267000000.0,3899000000.0,4711000000.0,4444000000.0,3140109686.960808,3330000000.0,7411000000.0,3659000000.0,4313000000.0,4302000000.0,0.77,0.77,3330000000.0,3330000000.0,3330000000.0,3335000000.0,3335000000.0,722000000.0,4057000000.0,546000000.0,-36000000.0,3718000000.0,3248000000.0,,3234000000.0,6966000000.0,4163000000.0,11129000000.0,11129000000.0,KO,Beverages - Non-Alcoholic,Consumer Defensive,350652334080.0,231000000.0,231000000.0,-207000000.0,387000000.0,180000000.0,211000000.0,25000000.0,20000000.0,-207000000.0,387000000.0,180000000.0,1089000000.0,2145000000.0,2145000000.0,,351000000.0,,11000000.0,,,,-5000000.0,92000000.0,,,,3000000.0,,3000000.0,3000000.0,,,,,,,331000000.0,,3000000.0,3000000.0
2024-12-31,,,,,,,,,,,,,,,,,,,,,,,,,,,,,,,,,,KO,Beverages - Non-Alcoholic,Consumer Defensive,350652334080.0,,,,,,,0.0,,,,,,,,,,,,,,,,,,,,,79000000.0,,,,,,,,39000000.0,-871000000.0,,,
2026-06-30,0.0,0.220145,5164000000.0,2981000000.0,1082000000.0,11070000000.0,5164000000.0,4082000000.0,2981000000.0,2981000000.0,20158000000.0,4023000000.0,1369000000.0,1366000000.0,2.18,2.18,2981000000.0,2981000000.0,2981000000.0,3004000000.0,3004000000.0,848000000.0,3852000000.0,59000000.0,59000000.0,4023000000.0,9088000000.0,,9088000000.0,13111000000.0,11070000000.0,24181000000.0,24181000000.0,PEP,Beverages - Non-Alcoholic,Consumer Defensive,184027529216.0,0.0,0.0,-230000000.0,230000000.0,,0.0,,,-230000000.0,230000000.0,,,,,0.0,,,,,,,-23000000.0,,,,,,,,,,,,,,0.0,,,,
2026-03-31,0.0,0.212795,4175000000.0,2327000000.0,904000000.0,8712000000.0,4175000000.0,3271000000.0,2327000000.0,2327000000.0,16230000000.0,3213000000.0,1371000000.0,1367000000.0,1.7,1.7,2327000000.0,2327000000.0,2327000000.0,2338000000.0,2338000000.0,632000000.0,2970000000.0,58000000.0,58000000.0,3213000000.0,7518000000.0,,7518000000.0,10731000000.0,8712000000.0,19443000000.0,19443000000.0,PEP,Beverages - Non-Alcoholic,Consumer Defensive,184027529216.0,,,-301000000.0,301000000.0,,,,,-301000000.0,301000000.0,,,,,0.0,,,,,,,-11000000.0,,,,,,,,,,,,,,,,,,
2025-12-31,0.0,0.148333,4707000000.0,2540000000.0,1374000000.0,13723000000.0,4707000000.0,3333000000.0,2540000000.0,2540000000.0,25786000000.0,3557000000.0,1371000000.0,1367340122.0,1.85,1.857621,2540000000.0,2540000000.0,2540000000.0,2555000000.0,2555000000.0,445000000.0,3000000000.0,-224000000.0,-224000000.0,3557000000.0,12063000000.0,,12063000000.0,15620000000.0,13723000000.0,29343000000.0,29343000000.0,PEP,Beverages - Non-Alcoholic,Consumer Defensive,184027529216.0,0.0,0.0,-333000000.0,333000000.0,,0.0,,,-333000000.0,333000000.0,,,,,,,,,,,,-15000000.0,,,,,,,,,,,,,,0.0,,,,
2025-09-30,-28468628.039628,0.21405,4726000000.0,2603000000.0,998000000.0,11113000000.0,4593000000.0,3595000000.0,2707531371.960372,2603000000.0,20235000000.0,3569000000.0,1372000000.0,1369000000.0,1.9,1.9,2603000000.0,2603000000.0,2603000000.0,2618000000.0,2618000000.0,713000000.0,3331000000.0,-107000000.0,26000000.0,3702000000.0,9122000000.0,,9122000000.0,12824000000.0,11113000000.0,23937000000.0,23937000000.0,PEP,Beverages - Non-Alcoholic,Consumer Defensive,184027529216.0,-133000000.0,-133000000.0,-264000000.0,264000000.0,,-133000000.0,,,-264000000.0,264000000.0,,,,,0.0,,,,,,,-15000000.0,,,,,,,,,,,,,,133000000.0,,,,
2025-06-30,-345716104.392107,0.185869,4668000000.0,1263000000.0,977000000.0,10304000000.0,2808000000.0,1831000000.0,2777283895.607893,1263000000.0,19077000000.0,1789000000.0,1373000000.0,1371000000.0,0.92,0.92,1263000000.0,1263000000.0,1263000000.0,1279000000.0,1279000000.0,292000000.0,1571000000.0,-1818000000.0,42000000.0,3649000000.0,8773000000.0,,8773000000.0,12422000000.0,10304000000.0,22726000000.0,22726000000.0,PEP,Beverages - Non-Alcoholic,Consumer Defensive,184027529216.0,-1860000000.0,-1860000000.0,-260000000.0,260000000.0,,-1860000000.0,,,-260000000.0,260000000.0,,,,,0.0,,,,,,,-16000000.0,,,,,,,,,,,,,,1860000000.0,,,,
2025-03-31,,,,,,,,,,,,,,,,,,,,,,,,,,,,,,,,,,PEP,Beverages - Non-Alcoholic,Consumer Defensive,184027529216.0,,,,,,,,,,,,,,,0.0,,,,,,,,,,,,,,,,,,,,,,,,,
2026-04-30,-5747285.291214,0.080948,13142000000.0,9310000000.0,2165000000.0,5113000000.0,13071000000.0,10906000000.0,9375252714.708786,9310000000.0,11328000000.0,10788000000.0,4876000000.0,4747000000.0,1.91,1.96,9310000000.0,9310000000.0,9310000000.0,9310000000.0,9310000000.0,820000000.0,10130000000.0,47000000.0,118000000.0,10859000000.0,4556000000.0,2995000000.0,1055000000.0,15415000000.0,6772000000.0,22187000000.0,22187000000.0,AVGO,Semiconductors,Technology,1865756573696.0,-71000000.0,-71000000.0,-776000000.0,776000000.0,,-71000000.0,,,-776000000.0,776000000.0,,,,,,,,,,,,,71000000.0,,,,,,506000000.0,506000000.0,,,,,,,,,506000000.0,506000000.0
2026-01-31,-10633068.944478,0.103234,11252000000.0,7349000000.0,2153000000.0,4508000000.0,11149000000.0,8996000000.0,7441366931.055522,7349000000.0,10645000000.0,8563000000.0,4888000000.0,4741000000.0,1.5,1.55,7349000000.0,7349000000.0,7349000000.0,7349000000.0,7349000000.0,846000000.0,8195000000.0,330000000.0,433000000.0,8666000000.0,4491000000.0,2965000000.0,1019000000.0,13157000000.0,6154000000.0,19311000000.0,19311000000.0,AVGO,Semiconductors,Technology,1865756573696.0,-103000000.0,-103000000.0,-801000000.0,801000000.0,,-103000000.0,,,-801000000.0,801000000.0,,,,,,,,,,,,,103000000.0,,,,,,507000000.0,507000000.0,,,,,,,,,507000000.0,507000000.0
2025-10-31,-34230000.0,0.21,10026000000.0,8518000000.0,2233000000.0,4040000000.0,9863000000.0,7630000000.0,8646770000.0,8518000000.0,10361000000.0,7508000000.0,4889000000.0,4732000000.0,1.74,1.8,8518000000.0,8518000000.0,8518000000.0,8518000000.0,8518000000.0,-1649000000.0,6869000000.0,-371000000.0,-208000000.0,7654000000.0,4595000000.0,2981000000.0,1107000000.0,12249000000.0,5766000000.0,18015000000.0,18015000000.0,AVGO,Semiconductors,Technology,1865756573696.0,-163000000.0,-163000000.0,-414000000.0,761000000.0,,-146000000.0,,,-414000000.0,761000000.0,,,,,,,,,,,,,146000000.0,,,0.0,,,507000000.0,507000000.0,,,,,,,,,507000000.0,507000000.0
2025-07-31,-40513718.070009,0.216651,8481000000.0,4140000000.0,2202000000.0,3554000000.0,8294000000.0,6092000000.0,4286486281.929991,4140000000.0,9878000000.0,5887000000.0,4860000000.0,4714000000.0,0.85,0.88,4140000000.0,4140000000.0,4140000000.0,4140000000.0,4140000000.0,1145000000.0,5285000000.0,18000000.0,205000000.0,6074000000.0,4629000000.0,3050000000.0,1072000000.0,10703000000.0,5249000000.0,15952000000.0,15952000000.0,AVGO,Semiconductors,Technology,1865756573696.0,-187000000.0,-187000000.0,-807000000.0,807000000.0,,-187000000.0,,,-807000000.0,807000000.0,,,,,,,,,,,,,187000000.0,,,0.0,,,507000000.0,507000000.0,,,,,,,,,507000000.0,507000000.0
2025-04-30,-2029498.525074,0.023599,8106000000.0,4965000000.0,2166000000.0,3147000000.0,8020000000.0,5854000000.0,5048970501.474926,4965000000.0,9089000000.0,5829000000.0,4826000000.0,4707000000.0,1.03,1.05,4965000000.0,4965000000.0,4965000000.0,4965000000.0,4965000000.0,120000000.0,5085000000.0,-61000000.0,25000000.0,5915000000.0,4282000000.0,2693000000.0,1083000000.0,10197000000.0,4807000000.0,15004000000.0,15004000000.0,AVGO,Semiconductors,Technology,1865756573696.0,-86000000.0,-86000000.0,-769000000.0,769000000.0,,-86000000.0,,,-769000000.0,769000000.0,,,,,,,,,,,,,86000000.0,,,0.0,,,506000000.0,506000000.0,,,,,,,,,506000000.0,506000000.0
2025-01-31,,,,,,,,,,,,,,,,,,,,,,,,,,,,,,,,,,AVGO,Semiconductors,Technology,1865756573696.0,,,,,,,,,,,,,,,,,,,,,,,,,,0.0,,,,,,,,,,,,,,
2024-10-31,,,,,,,,,,,,,,,,,,,,,,,,,,,,,,,,,,AVGO,Semiconductors,Technology,1865756573696.0,,,,,,,,,,,,,,,,,,,,,,,,,,119000000.0,,,,,,,,,,,,,,
2026-05-31,0.0,0.242,3528417000.0,2338989000.0,307944000.0,12583809000.0,3528417000.0,3220473000.0,2338989000.0,2338989000.0,15542846000.0,3175298000.0,615593409.0,612213453.0,3.8,3.82,2341192000.0,2338989000.0,2338989000.0,2387893000.0,2387893000.0,761935000.0,3149828000.0,-29894000.0,-29894000.0,3175298000.0,2959037000.0,,2959037000.0,6134335000.0,12583809000.0,18718144000.0,18718144000.0,ACN,Information Technology Services,Technology,83615768576.0,0.0,0.0,4424000.0,70645000.0,75069000.0,0.0,,,4424000.0,70645000.0,75069000.0,1811028000.0,1148009000.0,1148009000.0,2203000.0,,,,,,,-48904000.0,,,,,,,,,,,,,,,,,,
2026-02-28,0.0,0.243,2834660000.0,1825239000.0,314440000.0,12584705000.0,2834660000.0,2520220000.0,1825239000.0,1825239000.0,15550519000.0,2493547000.0,622640891.0,616992111.0,2.93,2.96,1826953000.0,1825239000.0,1825239000.0,1859388000.0,1859388000.0,597266000.0,2456654000.0,-51863000.0,-51863000.0,2493547000.0,2965814000.0,,2965814000.0,5459361000.0,12584705000.0,18044066000.0,18044066000.0,ACN,Information Technology Services,Technology,83615768576.0,0.0,0.0,14970000.0,63566000.0,78536000.0,0.0,,,14970000.0,63566000.0,78536000.0,1748902000.0,1216912000.0,1216912000.0,1714000.0,,,,,,,-34149000.0,,,,,,,,,,,,,,,,,,
2025-11-30,-75212291.70831,0.24456,3636606000.0,2211561000.0,296030000.0,12545007000.0,3329065000.0,3033035000.0,2443889708.29169,2211561000.0,15560886000.0,2873698000.0,626043040.0,619307086.0,3.54,3.57,2213644000.0,2211561000.0,2211561000.0,2241896000.0,2241896000.0,725774000.0,2967670000.0,-254427000.0,53114000.0,3181239000.0,3015879000.0,,3015879000.0,6197118000.0,12545007000.0,18742125000.0,18742125000.0,ACN,Information Technology Services,Technology,83615768576.0,-307541000.0,-307541000.0,40858000.0,65365000.0,106223000.0,-307541000.0,,,40858000.0,65365000.0,106223000.0,1874932000.0,1140947000.0,1140947000.0,2083000.0,,,,,,,-30335000.0,,,,,,,,,,,,,,,,,,
2025-08-31,-185444768.42189,0.301377,3253898000.0,1413963000.0,497096000.0,11985326000.0,2638574000.0,2141478000.0,1843842231.57811,1413963000.0,14931245000.0,2049691000.0,629418129.0,622635814.0,2.25,2.27,1415289000.0,1413963000.0,1413963000.0,1449806000.0,1449806000.0,625429000.0,2075235000.0,-628734000.0,-13410000.0,2665015000.0,2945919000.0,,2945919000.0,5610934000.0,11985326000.0,17596260000.0,17596260000.0,ACN,Information Technology Services,Technology,83615768576.0,-615324000.0,-615324000.0,38954000.0,66243000.0,105197000.0,-615324000.0,,,38954000.0,66243000.0,105197000.0,1793056000.0,1152863000.0,1152863000.0,1326000.0,,,,,,,-35843000.0,,,,,,,,,,,,,,,,,,
2025-05-31,0.0,0.24,3310745000.0,2197501000.0,292005000.0,11901221000.0,3310745000.0,3018740000.0,2197501000.0,2197501000.0,14745089000.0,2982782000.0,630457461.0,624343707.0,3.49,3.52,2199560000.0,2197501000.0,2197501000.0,2243963000.0,2243963000.0,707176000.0,2951139000.0,-43029000.0,-43029000.0,2982782000.0,2843868000.0,,2843868000.0,5826650000.0,11901221000.0,17727871000.0,17727871000.0,ACN,Information Technology Services,Technology,83615768576.0,0.0,0.0,11386000.0,67601000.0,78987000.0,0.0,,,11386000.0,67601000.0,78987000.0,1762499000.0,1081369000.0,1081369000.0,2059000.0,,,,,,,-46462000.0,,,,,,,,,,,,,,,,,,
